category,url,description,image_name
Sea Glass Necklaces,/jewelry/sea-glass-necklaces,,
 Sea Glass in Silver Necklaces,/jewelry/sea-glass-necklaces/sea-glass-silver-necklaces,,
 Drilled Sea Glass Necklaces,/jewelry/sea-glass-necklaces/drilled-sea-glass-necklaces,,
 Filament Styles,/jewelry/sea-glass-necklaces/filament-styles,,
 Glass Ball,/jewelry/sea-glass-necklaces/glass-ball,,
 Seaglass Heart Necklaces,/jewelry/sea-glass-necklaces/seaglass-heart-necklaces,,
 Sea Glass Marble Necklaces,/jewelry/sea-glass-necklaces/sea-glass-marble-necklaces,,
 Mermaid Tail,/jewelry/sea-glass-necklaces/mermaid-tail,,
 Multi Piece,/jewelry/sea-glass-necklaces/multi-piece,,
 Multicolored Sea Glass,/jewelry/sea-glass-necklaces/multicolored-sea-glass,,
 Sea Life,/jewelry/sea-glass-necklaces/sea-life,,
 Seashell Necklaces,/jewelry/sea-glass-necklaces/seashell-necklaces,,
 Spiral Wrapped (Necklaces),/jewelry/sea-glass-necklaces/spiral-wrapped-necklaces,,
 Stacked Styles,/jewelry/sea-glass-necklaces/stacked-styles,,
 Whimsical (Necklaces),/jewelry/sea-glass-necklaces/whimsical-necklaces,,
 Sea Glass Necklaces W/Beads,/jewelry/sea-glass-necklaces/sea-glass-necklaces-wbeads,,
 With Pearls (Necklaces),/jewelry/sea-glass-necklaces/pearls-necklaces,,
Sea Glass Earrings,/jewelry/sea-glass-earrings,,
 Sea Glass Earrings Set in Fine Silver,/jewelry/sea-glass-earrings/sea-glass-earrings-set-fine-silver,,
 Cones,/jewelry/sea-glass-earrings/cones,,
 Drilled Sea Glass,/jewelry/sea-glass-earrings/drilled-sea-glass,,
 Sea Glass Hearts,/jewelry/sea-glass-earrings/sea-glass-hearts,,
 Hoops,/jewelry/sea-glass-earrings/hoops,,
 Mermaid Tears,/jewelry/sea-glass-earrings/mermaid-tears,,
 Multi Colored,/jewelry/sea-glass-earrings/multi-colored,,
 Post Studs,/jewelry/sea-glass-earrings/post-studs,,
 Sea Life Sea Glass Earrings,/jewelry/sea-glass-earrings/sea-life-sea-glass-earrings,,
 Spiral Wrapped (Earrings),/jewelry/sea-glass-earrings/spiral-wrapped-earrings,,
 Stacked Earring Styles,/jewelry/sea-glass-earrings/stacked-earring-styles,,
 Whimsical (Earrings),/jewelry/sea-glass-earrings/whimsical-earrings,,
 With Pearls (Earrings),/jewelry/sea-glass-earrings/pearls-earrings,,
Rings with Sea Glass,/jewelry/rings-sea-glass,,
Sea Glass Bracelets,/jewelry/sea-glass-bracelets,,
 Bangles,/jewelry/sea-glass-bracelets/bangles,,
 Bracelets set in Fine Silver,/jewelry/sea-glass-bracelets/bracelets-set-fine-silver,,
 Silver Link Styles,/jewelry/sea-glass-bracelets/silver-link-styles,,
 Bracelets With Beads,/jewelry/sea-glass-bracelets/bracelets-beads,,
Sea Glass Gift Sets,/jewelry/sea-glass-gift-sets,,
Anklets,/jewelry/anklets,,
 Set in Fine Silver (Anklets),/jewelry/anklets/set-fine-silver-anklets,,
 Drilled Anklets,/jewelry/anklets/drilled-anklets,,
 Other Styles,/jewelry/anklets/other-styles,,
Sea Glass Gifts For Him,/jewelry/sea-glass-gifts-him,,
 Cuff Links,/jewelry/sea-glass-gifts-him/cuff-links,,
 Sea Glass Necklaces (for him),/jewelry/sea-glass-gifts-him/sea-glass-necklaces-him,,
 Tie Tacks & Tie Bars,/jewelry/sea-glass-gifts-him/tie-tacks-tie-bars,,
Jewelry Grade Bulk Sea Glass,/bulk_glass/jewelry-grade-bulk-sea-glass,,
Craft Quality Bulk SeaGlass,/bulk_glass/craft-quality-bulk-seaglass,,
Collector's Rarities,/bulk_glass/collectors-rarities,,
SeaGlass Pairs & Trios,/bulk_glass/seaglass-pairs-trios,,
Individual Sea Glass Pieces,/bulk_glass/individual-sea-glass-pieces,,
Heart Shaped SeaGlass,/bulk_glass/heart-shaped-seaglass,,
Drilled Sea Glass,/bulk_glass/drilled-sea-glass,,
Accessories,/gifts/accessories,,
Beachy Decor,/gifts/beachy-decor,,
Sea Glass Books,/gifts/sea-glass-books,,
"Sea Glass Photos, Posters, Cards",/gifts/sea-glass-books/sea-glass-photos-posters-cards,,
 Cards,/gifts/sea-glass-books/sea-glass-photos-posters-cards/cards,,
 Seaglass Photography,/gifts/sea-glass-books/sea-glass-photos-posters-cards/seaglass-photography,,
 Sea Glass Posters,/gifts/sea-glass-books/sea-glass-photos-posters-cards/sea-glass-posters,,
Gift Certificates,/gifts/gift-certificates,,
